INSERT INTO department (id, name)
VALUES (1, "Field Labor"),
(2, "Project Management"),
(3, "Preconstruction"),
(4, "Information Technology"),
(5, "Legal"),
(6, "Marketing"),
(7, "Safety"),
(8, "Virtual Design & Construction"),
(9, "Accounting"),
(10, "Corporate");

INSERT INTO role (id, title, salary, department_id)
VALUES (1, "Assistant Superintendent", 60000, 1),
(2, "Superintendent", 75000, 1),
(3, "Senior Superintendent", 85000, 1),
(4, "Assistant Project Manager", 55000, 2),
(5, "Project Manager", 70000, 2),
(6, "Senior Project Manager", 80000, 2),
(7, "Assistant Precon Manager", 55000, 3),
(8, "Preconstruction Manager", 70000, 3),
(9, "Senior Precon Manager", 80000, 3),
(10, "Systems Engineer", 65000, 4),
(11, "Senior IT Architect", 75000, 4),
(12, "Data Engineer 1", 60000, 4),
(13, "Software Engineer", 70000, 4),
(14, "Security Engineer", 60000, 4),
(15, "Associate General Counsel", 80000, 5),
(16, "Legal Ops Specialist",65000, 5),
(17, "Creative Designer", 50000, 6),
(18, "Communications Coordinator", 55000, 6),
(19, "Senior Comm Coordinator", 55000, 6),
(20, "Regional Marketing Mgr", 55000, 6),
(21, "Safety Manager", 60000, 7),
(22, "Senior Safety Manager", 65000, 7),
(23, "Asst Reg Safety Dir", 80000, 7),
(24, "VDC Manager", 65000, 8),
(25, "Assistant VDC Coord", 55000, 8),
(26, "Regional VDC Manager", 80000, 8),
(27, "Project Accountant", 40000, 9),
(28, "Corporate Accountant", 65000, 9),
(29, "Regional Corporate Acct", 70000, 9),
(30, "President", 1000000, 10),
(31, "Vice President", 999999, 10);

INSERT INTO employee (id, first_name, last_name, role_id, manager_id)
VALUES (1, "John", "Smith", 30, null),
(2, "Terry", "Jones", 3, 1),
(3, "Jerry", "Johnson", 2, 2),
(4, "Mikey", "Rozier", 1, 3),
(5, "Scott", "Bile", 1, 3),
(6, "Lovie", "Gerard", 1, 3),
(7, "Jacob", "Hughes", 6, 1),
(8, "Ford", "Harris", 5, 7),
(9, "George","Custer", 5, 7),
(10, "Odie","Collins", 4, 8),
(11, "Ozzie","Adams", 4, 9),
(12, "Odie","Wilson", 4, 8),
(13, "Adam", "Walker", 9, 1),
(14, "Ashton", "Ford", 8, 13),
(15, "Eleanor", "Rigby", 8, 13),
(16, "Carl","Jackson", 7, 14),
(17, "Conor","Delhomme", 7, 15),
(18, "David", "Bowie", 7, 15),
(19, "Bill","Williams", 11, 1),
(20, "Vishwajit","Reddi", 13, 19),
(21, "Aaron", "Judge", 14, 19),
(22, "William", "Kirby", 10, 19),
(23, "Jasquigalo", "Goodingsplatt", 12, 19),
(24, "Jake","Jacobson", 10, 19),
(25, "Doug","McQuaid", 10, 19),
(26, "Kumar", "Patel", 31, 1),
(27, "Vishal", "Patel", 15, 1),
(28, "Eric", "Long", 16, 27),
(29, "Allan", "Watkins", 16, 27),
(30, "Kenny", "Oliver", 20, 1),
(31, "James", "O'Reilley", 17, 30),
(32, "Elliot", "Killingsworth", 18, 30),
(33, "Jud", "Seqeultester", 19, 30),
(34, "Rickey", "Rickerson", 23, 1),
(35, "Captain", "Obvious", 22, 34),
(36, "Dan", "Dansby", 21, 34),
(37, "Darwush", "Virrinji", 26, 1),
(38, "Jeb", "Bush", 24, 37),
(39, "Armann", "Sahiid", 25, 38),
(40, "Douglas", "MacArthur", 29, 1),
(41, "Erwin", "Rommel", 28, 40),
(42, "Rudolf","Kimmich", 27, 41),
(43, "Harry","Henrichs", 27, 41),
(44, "Eduardo","Sanchez", 27, 41);









